ID,Cod_via,Nombre,Responsable,Cat_1,Cat_2,Cat_3,Cat_4,Cat_5,Cat_6,Cat_7,Cat_8,Cat_9,Sector,Admon,Eje_adicio,Eje_adic_2,d_cat_i,d_cat_ii,d_cat_iii,d_cat_iv,d_cat_v,d_cat_vi,d_cat_vii,d_cat_viii,d_cat_ix,Latitud,Longitud,Departamento,gcd_departamento
"1,7007,PLATANAL,INVIAS,7900,8900,18800,23800,27300,0,0,0,0,Aguaclara - RIo de Oro,ConcesiOn ruta el sol,8400,8100,""AutomOviles, camperos y camionetas"",""Buses, busetas y camiones de 2 ejes"",Camiones 3 y 4 ejes,5 ejes,6 Ejes,,,,,8.23123833,-73.4985723359999,Cesar,20"
2,2506,LA URIBE,Departamento,8400,10800,25300,34300,38000,0,0,0,0,AndalucIa - La Paila -La Victoria,PISA Proyectos de Infraestructura S.A.,0,0,AutomOviles y camperos,CategorIa II Camiones y Buses 2 ejes pequenos,CategorIa III Camiones y Buses 2 ejes grandes,CategorIa IV 3 y 4 ejes,CategorIa V 5 Ejes,CategorIa VI 6 Ejes,CategorIa VII,,,4.252468251,-76.118437533,Valle del Cauca,76
3,2901,CIRCASIA,ConcesiOn ANI,13800,17600,17600,17600,42900,52600,58600,0,0,Armenia-Pereira,ConcesiOn Autopistas del cafE,0,0,AutomOviles y camperos,CategorIa II Camiones y Buses 2 ejes pequenos,CategorIa III Camiones y Buses 2 ejes grandes,CategorIa IV 3 y 4 ejes,CategorIa V 5 Ejes,CategorIa VI 6 Ejes,CategorIa VII,,,4.698355839,-75.606108715,QuindIo,63
4,X1,EL ESCOBAL,ConcesiOn ANI,2000,2000,2000,2000,2000,0,0,0,0,Avenida Demetrio  Mendoza,Concesionaria San SimOn S.A,2000,0,AutomOviles y camperos,Camiones y buses 2 ejes pequenos,Camiones y buses 2 ejes grandes,3 y 4 ejes,5 Ejes,,,,,7.91059804,-72.4694500229999,Norte de Santander,54
5,6209,ARCABUCO,INVIAS,8300,9000,19200,24400,27400,0,0,0,0,Barbosa - Tunja,INVIAS,8400,8100,AutomOviles y camperos,Camiones y Buses 2 ejes pequenos,Camiones y Buses 2 ejes grandes,3 y 4 ejes,5 Ejes,,,,,5.795024657,-73.4776199389999,BoyacA,15
6,6511,SAN PEDRO,ConcesiOn ANI,8400,9100,19400,24700,27600,0,0,0,0,Barranca de UpIa - Monterrey,ConcesiOnaria Vial del Oriente - COVIORIENTE S.A.S,8700,8400,AutomOviles y camperos,Camiones y Buses 2 ejes pequenos,Camiones y Buses 2 ejes grandes,3 y 4 ejes,5 Ejes,,,,,4.678585529,-72.9437706989999,Casanare,85
7,9007,LAUREANO GOMEZ,Departamento,10100,1200,28100,37200,42100,0,0,0,0,Barranquilla - Santa Marta,ConcesiOn (Barranquilla -CiEnaga),15900,0,AutomOviles y camperos,Buses y Busetas 2 ejes dobles,Camiones de 3.5 Ton.,Camiones de 5 Ton.,3 Ejes,,,,,10.978719174,-74.7297189789999,Magdalena,47
8,9007,TASAJERA,Departamento,10100,12000,28100,37200,42100,0,0,0,0,Barranquilla - Santa Marta,ConcesiOn (Barranquilla -CiEnaga),15900,0,AutomOviles y camperos,Buses y Busetas 2 Ejes Dobles,Camiones de 3.5 Ton.,Camiones de 5 Ton.,3 Ejes,,,,,10.977188152,-74.3366643319999,Magdalena,47
"9,5501,ANDES,ConcesiOn ANI,8700,15000,9600,21800,33100,42700,47300,0,0,BogotA - ChocontA,CONCESION ACCENORTE,0,0,""AutomOviles, camperos y camionetas"",CategorIa II Buses,CategorIa III Camiones pequenos de 2 ejes,CategorIa IV Camiones grandes de 2 ejes,CategorIa V Camiones de 3 y 4 ejes,CategorIa VI Camiones de 5 ejes,CategorIa VII Camiones de 6 ejes o mAs,,,4.830120102,-74.0330734319999,Cundinamarca,25"
10,5501,EL ROBLE,ConcesiOn ANI,8000,8900,23000,28500,33500,0,0,0,0,BogotA - ChocontA,CONCESION BRICEnO – TUNJA – SOGAMOSO,8200,6800,AutomOviles y camperos,Camiones y Buses 2 ejes pequenos,Camiones y Buses 2 ejes grandes,3 y 4 ejes,5 Ejes,,,,,5.031298851,-73.8398406019999,Cundinamarca,25
11,45A04,CASABLANCA,INVIAS,8200,8900,22900,28500,33300,0,0,0,0,BogotA - UbatE,INVIAS,9500,9300,AutomOviles y camperos,CategorIa II Camiones y Buses 2 ejes pequenos,CategorIa III Camiones y Buses 2 ejes grandes,CategorIa IV 3 y 4 ejes,CategorIa V 5 Ejes,,,,,5.104394194,-73.9128277439999,Cundinamarca,25
"12,45A04,FUSCA,ConcesiOn ANI,8700,15000,9600,21800,33100,42700,47300,0,0,BogotA - UbatE,CONCESION ACCENORTE,0,0,""AutomOviles, camperos y camionetas"",CategorIa II Buses,CategorIa III Camiones pequenos de 2 ejes,CategorIa IV Camiones grandes de 2 ejes,CategorIa V Camiones de 3 y 4 ejes,CategorIa VI Camiones de 5 ejes,CategorIa VII Camiones de 6 ejes o mAs,,,4.835449673,-74.028809752,Cundinamarca,25"
"13,45A04,UNISABANA,ConcesiOn ANI,0,0,0,0,33100,42700,47300,0,0,BogotA - UbatE,CONCESION  ACCENORTE,0,0,""AutomOviles, camperos y camionetas"",CategorIa II Buses,CategorIa III Camiones pequenos de 2 ejes,CategorIa IV Camiones grandes de 2 ejes,CategorIa V Camiones de 3 y 4 ejes,CategorIa VI Camiones de 5 ejes,CategorIa VII Camiones de 6 ejes o mAs,,,4.855379831,-74.031469872,Cundinamarca,25"
14,4006,EL BOQUERON I,ConcesiOn ANI,11900,35300,17800,47100,52900,58800,70500,0,0,BogotA (El Portal) - Villavicencio,CONCESION COVIANDES,0,0,AutomOviles y camperos,CategorIa II  Camiones y buses 2 ejes pequenos,CategorIa III  Camiones y buses 2 ejes grandes,CategorIa IV  3 y 4 Ejes,CategorIa V  5 Ejes,CategorIa VI  6 Ejes,CategorIa VII,,,4.452540053,-74.0733797529999,Cundinamarca,25
15,4006,PIPIRAL,ConcesiOn ANI,16600,33000,22500,39400,43000,65800,85100,0,0,BogotA (El Portal) - Villavicencio,ConcesiOn Coviandes S.A.,0,0,AutomOviles y camperos,CategorIa II Camiones y Buses 2 ejes pequenos,CategorIa III Camiones y Buses 2 ejes grandes,CategorIa IV 3 y 4 Ejes,CategorIa V 5 Ejes,CategorIa VI 6 Ejes,CategorIa VII,,,4.200062781,-73.72128811,Meta,50
16,4006,PUENTE QUETAME (NARANJAL),ConcesiOn ANI,10200,26600,20100,39400,45900,52900,58800,0,0,BogotA (El Portal) - Villavicencio,CONCESION COVIANDES,0,0,AutomOviles y camperos,CategorIa II Camiones y Buses 2 ejes pequenos,CategorIa III Camiones y Buses 2 ejes grandes,CategorIa IV 3 y 4 Ejes,CategorIa V 5 Ejes,CategorIa VI 6 Ejes,CategorIa VII,,,4.279934064,-73.834767756,Cundinamarca,25
17,5009,LA CABAnA,ConcesiOn ANI,9600,15100,23400,34300,46900,47300,0,0,0,BogotA (Los Patios) - Guasca,PERIMETRAL ORIENTAL DE BOGOTA S.A.S,8700,8400,AutomOviles y camperos,CategorIa II Camiones y Buses  2 ejes pequenos,CategorIa III Camiones y Buses 2 ejes grandes,CategorIa IV 3 y 4 ejes,CategorIa V 5 Ejes,CategorIa VI 6 Ejes,,,,4.809532136,-73.9455328669999,Cundinamarca,25
18,5009,LOS PATIOS,ConcesiOn ANI,9600,15100,23400,34300,46900,47300,0,0,0,BogotA (Los Patios) - Guasca,INVIAS – VIPSA,8700,8400,AutomOviles y camperos,CategorIa II Camiones y Buses 2 ejes pequenos,CategorIa III Camiones y Buses 21 ejes grandes,CategorIa IV 3 y 4 ejes,CategorIa V 5 Ejes,CategorIa VI 6 Ejes,,,,4.663724514,-74.0105791759999,Cundinamarca,25
19,4517,EL COPEY,ConcesiOn ANI,7900,8700,20300,26700,30900,0,0,0,0,Bosconia - RIo AriguanI,Yuma concecionaria,9500,9100,AutomOviles y camperos,Camiones y buses 2 ejes pequenos,Camiones y buses 2 ejes grandes,3 y 4 Ejes,5 Ejes,,,,,10.060363098,-73.923828872,Cesar,20
20,5607,MACHETA,ConcesiOn ANI,8500,9200,19500,24700,27700,0,0,0,0,Brisas - Guateque,CONCESION DEL SISGA S.A.S.,8700,8400,AutomOviles y camperos,CategorIa II Camiones y Buses 2 ejes pequenos,CategorIa III Camiones y Buses 2 ejes grandes,CategorIa IV 3 y 4 ejes,CategorIa V 5 Ejes,,,,,5.077262984,-73.553427995,Cundinamarca,25
"21,6603,PICACHO,ConcesiOn ANI,8500,9300,19500,24800,27900,0,0,0,0,Bucaramanga - Cuestaboba,Autopista Bucaramanga - Pamplona S.A.S.,8700,8400,""AutomOviles, camperos y camionetas"",""Camiones , Buses y camiones 2 ejes ."",Camiones de 3 y 4 ejes.,Camiones 5 ejes.,Camiones de 3 y 4 ejes.,,,,,7.107993635,-72.968963707,Santander,68"
22,25505,BETANIA,Departamento,8200,10600,25000,34000,37700,0,0,0,0,Buga - AndalucIa,PISA Proyectos de Infraestructura S.A.,0,0,,,,,,,,,,3.972040719,-76.2533831599999,Valle del Cauca,76
23,4003,CAJAMARCA,INVIAS,8500,9300,19500,24800,27900,0,0,0,0,CalarcA - IbaguE,INVIAS,8400,8100,AutomOviles y camperos,CategorIa II Buses y Busetas  2 ejes pequenos,CategorIa III Camiones y buses  2 ejes grandes,CategorIa IV Camiones de 3 y 4 ejes,CategorIa V Camiones de 5 ejes,,,,,4.435821773,-75.502565613,Tolima,73
24,2505,CIAT,INVIAS,8700,10400,28100,36400,41900,0,0,0,0,Cali - Palmira - Buga,INVIAS,10000,19800,AutomOviles y camperos,Camiones y Buses 2 ejes pequenos,Camiones y Buses 2 ejes grandes,3 y 4 ejes,5 Ejes,,,,,3.523539983,-76.3431637289999,Valle del Cauca,76
25,2505,EL CERRITO,INVIAS,8600,10300,27800,36300,41800,0,0,0,0,Cali - Palmira - Buga,INVIAS,0,0,AutomOviles y camperos,CategorIa II Camiones y Buses 2 ejes pequenos,CategorIa III Camiones y Buses 2 ejes grandes,CategorIa IV 3 y 4 ejes,CategorIa V 5 Ejes,,,,,3.713096157,-76.3191613089999,Valle del Cauca,76
26,2505,ESTAMBUL,INVIAS,8700,10400,28100,36400,41900,0,0,0,0,Cali - Palmira - Buga,INVIAS,10000,19800,AutomOviles y camperos,Camiones y Buses 2 ejes pequenos,Camiones y Buses 2 ejes grandes,3 y 4 ejes,5 Ejes,,,,,3.500722199,-76.443027164,Valle del Cauca,76
27,2301,CENCAR,INVIAS,8600,10300,27800,36300,41800,0,0,0,0,Cali - Yumbo,INVIAS,10000,19800,AutomOviles y camperos,Camiones y Buses 2 ejes pequenos,Camiones y Buses 2 ejes grandes,3 y 4 ejes,5 Ejes,,,,,3.557383478,-76.4625707269999,Valle del Cauca,76
28,X2,BAZURTO  (MANGA),Distrito,2300,4100,0,9600,14800,0,0,0,0,Calle 29,CONVIAL,0,0,,,,,,,,,,10.40678505,-75.526546588,BolIvar,13
29,X3,CORREDOR PORTUARIO,Distrito,6400,7100,0,20000,22200,0,0,0,0,Calle 6,,0,0,,,,,,,,,,10.957823864,-74.7667594039999,AtlAntico, 8
30,2515,CALAMAR,ConcesiOn ANI,8300,9000,19200,24400,27400,0,0,0,0,Carreto - Calamar,ConcesiOn Montes de Maria,8700,8400,AutomOviles y camperos,Camiones y Buses 2 ejes Pequenos,Camiones y Buses 2 ejes Grandes,3 y 4 Ejes,5 Ejes,,,,,10.208126788,-74.944995464,BolIvar,13
31,90A01,MARAHUACO,ConcesiOn ANI,11300,17200,12300,21800,68700,91800,101900,0,0,Cartagena - Lomita Arena,Consorcio vIa al mar,0,0,AutomOviles y camperos,Camiones y Buses 2 ejes Pequenos,Camiones y Buses 2 ejes Grandes,3 y 4 Ejes,5 Ejes,6 Ejes,,,,10.574535056,-75.450559224,BolIvar,13
32,90A01,PAPIROS,ConcesiOn ANI,4800,5700,11400,20200,63600,85000,94400,0,0,Cartagena - Lomita Arena,Consorcio vIa al mar,0,0,AutomOviles y camperos,Camiones y buses 2 ejes pequenos,Camiones y buses 2 ejes grandes,3 y 4 Ejes,5 Ejes,6 Ejes,,,,11.0126997269999,-74.889588094,AtlAntico, 8
33,90A01,PUERTO COLOMBIA,ConcesiOn ANI,11300,17200,12300,21800,68700,91800,101900,0,0,Cartagena - Lomita Arena,Consorcio vIa al mar,0,0,AutomOviles y camperos,Camiones y buses 2 ejes Pequenos,Camiones y buses 2 ejes Grandes,3 y 4 Ejes,5 Ejes,6 Ejes,,,,10.9675632479999,-74.956105457,AtlAntico, 8
"34,2513,LA APARTADA,ConcesiOn ANI,12600,18600,18600,18600,33600,53600,61800,0,0,Caucasia - Planeta Rica,ConcesiOn Ruta al Mar,0,0,""AutomOviles, camperos y camionetas"",Buses,Camiones pequenos de 2 ejes,Camiones grandes de 2 ejes,Camiones de 3 y 4 ejes,Camiones de 5 ejes,Camiones de 6 ejes,,,8.03128060599999,-75.3017196299999,COrdoba,23"
"35,2513,LOS MANGUITOS,ConcesiOn ANI,12600,18600,18600,18600,33600,53600,61800,0,0,Caucasia - Planeta Rica,ConcesiOn Ruta al Mar,0,0,""AutomOviles, camperos y camionetas"",Buses,Camiones pequenos de 2 ejes,Camiones grandes de 2 ejes,Camiones de 3 y 4 ejes,Camiones de 5 ejes,Camiones de 6 ejes,,,8.301572194,-75.530098748,COrdoba,23"
36,2513,PURGATORIO,ConcesiOn ANI,12600,18600,18600,18600,33600,53600,61800,0,0,Caucasia - Planeta Rica,VIas las AmEricas S.A.S,0,0,AutomOviles y camperos,Camiones y Buses 2 ejes Pequenos,Camiones y Buses 2 ejes Grandes,3 y 4 Ejes,5 Ejes,CategorIa VI,CategorIa VII,,,8.63065942499999,-75.763769549,COrdoba,23
37,2508,SAN CLEMENTE,INVIAS,8300,9000,19200,24400,27400,0,0,0,0,CauyA - La Felisa,INVIAS,8400,8100,AutomOviles y camperos,Camiones y buses de 2 ejes pequenos,Camiones y buses de 2 ejes grandes,3 y 4 ejes,5 ejes,,,,,5.332438494,-75.775603278,Risaralda,66
"38,2103,MATA DE CAnA,ConcesiOn ANI,12300,18200,18200,18200,19500,28300,28400,0,0,CeretE - Lorica,ConcesiOn Ruta al Mar,0,0,""AutomOviles, camperos y camionetas"",Buses,Camiones pequenos de 2 ejes,Camiones grandes de 2 ejes,Camiones de 3 y 4 ejes,Camiones de 5 ejes,Camiones de 6 ejes,,,9.09142566699999,-75.819879481,COrdoba,23"
39,29CL03,SANT'AGUEDA,ConcesiOn ANI,10400,12600,12600,12600,30700,38400,44600,0,0,ChinchinA - La Manuela,CONCESION AUTOPISTAS DEL CAFE,0,0,AutomOviles y camperos,CategorIa II Camiones y Buses 2 ejes pequenos,CategorIa III Camiones y Buses 2 ejes grandes,CategorIa IV 3 y 4 ejes,CategorIa V 5 Ejes,CategorIa VI 6  Ejes,CategorIa VII,,,5.048648256,-75.598820273,Caldas,17
40,5501,ALBARRACIN,ConcesiOn ANI,8000,8900,23000,28500,33500,0,0,0,0,ChocontA - Tunja,ConcesiOn Briceno - Tunja - Sogamoso,8200,6800,AutomOviles y camperos,Camiones y Buses 2 ejes pequenos,Camiones y Buses 2 ejes grandes,3 y 4 ejes,5 Ejes,,,,,5.29046083,-73.583519181,Cundinamarca,25
41,6206,CISNEROS,ConcesiOn ANI,8300,8900,8900,8900,18800,23900,27000,0,0,Cisneros - Alto de Dolores,ConcesiOn VIas del Nus – VINUS S.A.S,8700,8400,AutomOviles y camperos,CategorIa II Camiones y Buses 2 Ejes pequenos,CategorIa III - Camiones y Buses 2 Ejes grandes,CategorIa IV - 3 y 4 ejes,CategorIa V - 5 ejes,CategorIa VI,CategorIa VII,,,6.536330315,-75.0747773819999,Antioquia, 5
42,6206,PUERTO BERRIO,ConcesiOn ANI,8500,9300,19500,24800,27900,0,0,0,0,Cisneros - Puerto BerrIo (Incluye el Puente sobre el RIo Magdalena),ConcesiOn Autopistas del RIo Magdalena,8700,8400,AutomOviles y camperos,Camiones y Buses 2 Ejes pequenos,Camiones y Buses 2 ejes grandes,3 y 4 ejes,5 ejes,,,,,6.496649662,-74.501328246,Antioquia, 5
43,29CL03-1,PAVAS (TRINIDAD I),ConcesiOn ANI,10400,12600,12600,12600,30700,38400,44600,0,0,Club Campestre - La Trinidad,CONCESION AUTOPISTAS DEL CAFE,0,0,AutomOviles y camperos,CategorIa II Camiones y Buses 2 ejes pequenos,CategorIa III Camiones y Buses 2 ejes grandes,CategorIa IV 3 y 4 ejes,CategorIa V 5 Ejes,CategorIa VI 6 ejes,CategorIa VII,,,5.027053239,-75.5873912219999,Caldas,17
44,X4,CEBALLOS,Distrito,2500,4100,0,9600,14800,0,0,0,0,Corredor de Carga,CONVIAL,0,0,,,,,,,,,,10.3830161049999,-75.505922182,BolIvar,13
"45,9004,CAIMANERA,ConcesiOn ANI,12300,18200,18200,18200,19500,28300,28400,0,0,Covenas  - San Onofre,ConcesiOn Ruta al Mar,0,0,""AutomOviles, camperos y camionetas"",Buses,Camiones pequenos de 2 ejes,Camiones grandes de 2 ejes,Camiones de 3 y 4 ejes,Camiones 5 ejes,Camiones 6 ejes,,,9.46567699999999,-75.6065059999999,Sucre,70"
46,4001,LOBOGUERRERO,INVIAS,8000,9000,21500,28200,32100,0,0,0,0,Cruce Ruta 40 (Loboguerrero) - Buga,CONSORCIO NQS,9800,20800,AutomOviles y camperos,Camiones y Buses 2 ejes pequenos,Camiones y Buses 2 ejes grandes,3 y 4 ejes,5 Ejes,,,,,3.762970321,-76.6655705999999,Valle del Cauca,76
47,6602,LA GOMEZ,INVIAS,10500,13300,31200,37400,43900,0,0,0,0,Cruce Ruta 45 (La Fortuna) - Lebrija,INVIAS,9500,9300,AutomOviles y camperos,Camiones y Buses 2 ejes Pequenos.,3 ejes.,4 ejes.,5 ejes.,,,,,7.397175967,-73.546519196,Santander,68
48,6602,RIO SOGAMOSO,ConcesiOn ANI,8500,9300,19500,24800,27900,0,0,0,0,Cruce Ruta 45 (La Fortuna) - Lebrija,RUTA DEL CACAO,8700,8400,AutomOviles y camperos,Camiones y Buses 2 ejes Pequenos,Camiones y Buses 2 Ejes Grandes,3 y  4 ejes,5 ejes,,,,,7.118249043,-73.4405437559999,Santander,68
49,9005,GAMBOTE,ConcesiOn ANI,8000,8900,19800,26400,30200,0,0,0,0,Cruz del Viso - Cartagena,Ruta Caribe,8700,8400,AutomOviles y camperos,Camiones y Buses 2 ejes Pequenos,Camiones y Buses 2 ejes Grandes,3 y 4 Ejes,5 Ejes,,,,,10.136133126,-75.2642897559999,BolIvar,13
50,9005,TURBACO,ConcesiOn ANI,3100,7600,9300,0,0,0,0,0,0,Cruz del Viso - Cartagena,Ruta Caribe,0,0,AutomOviles y camperos,Camiones y Buses 2 ejes Pequenos,Camiones y Buses 2 ejes Grandes,,,,,,,10.356975453,-75.443416135,BolIvar,13
51,X5,URIBIA,Municipio,0,0,0,0,0,0,0,0,0,Cuatrovias - Uribia,,0,0,,,,,,,,,,11.606513783,-72.3218762409999,La Guajira,44
52,7010,LA PARADA,ConcesiOn ANI,2000,2000,2000,2000,2000,0,0,0,0,CUcuta - Puente Internacional SimOn BolIvar,Concesionaria San SimOn S.A,2000,0,,,,,,,,,,7.867456472,-72.4841646389999,Norte de Santander,54
53,6510,PUENTE AMARILLO,ConcesiOn ANI,3600,12500,7900,12500,17700,23700,26900,0,0,Cumaral - Barranca de UpIa,ConcesiOn Vial del Oriente - COVIORIENTE S.A.S,0,0,AutomOviles y camperos,Camiones y Buses 2 ejes pequenos,Camiones y Buses 2 ejes grandes,3 Y 4 ejes,5 Ejes,6 Ejes,CAT VII,,,4.194141805,-73.5966735819999,Meta,50
"54,6510,VERACRUZ,ConcesiOn ANI,6700,13500,8700,13500,19400,26000,29100,0,0,Cumaral - Barranca de UpIa,ConcesiOn Vial del Oriente - COVIORIENTE S.A.S,0,0,""AutomOviles, camperos y camionetas"",Buses,Camiones pequenos de 2 ejes,Camiones grandes de 2 ejes,3 y 4 Ejes,5 y 6 Ejes,CAT VII,,,4.261064058,-73.4481742889999,Meta,50"
55,X6,PEAJE NUEVO SALTO DE TEQUENDAMA,Departamento,9800,11800,11900,13900,26800,41400,44900,0,0,El Colegio - El Charquito,ConcesiOn Troncal del Tequendama.,0,0,AutomOviles y camperos,CategorIa  II Camiones y Buses 2 ejes pequenos,CategorIa III Camiones y Buses 2 ejes grandes,CategorIa  IV 3 y 4 ejes,CategorIa  V 5 Ejes,CategorIa  VI 6 Ejes,CategorIa VII,,,4.544131496,-74.268470241,Cundinamarca,25
56,4507,FLANDES,ConcesiOn ANI,11700,13900,15600,19900,33300,42700,48600,0,0,El Espinal - Girardot,ConcesiOn AutovIa Neiva - Girardot,0,0,AutomOviles y camperos,CategorIa II Camiones y Buses  2 ejes pequenos,CategorIa III Camiones y Buses 2 ejes grandes,CategorIa IV 3 y 4 ejes,CategorIa V 5 Ejes,CategorIa VI 6 Ejes,CategorIa VII,,,4.192173107,-74.8610864989999,Tolima,73
57,5008B,EL KORAN,ConcesiOn ANI,12800,18000,25400,53100,66000,78300,0,0,0,El KorAn - Guaduas,CONCESION HELIOS,9100,8800,AutomOviles y camperos,CategorIa II Camiones y Buses 2 ejes pequenos,CategorIa III Camiones y Buses 2 ejes grandes,CategorIa IV 3 y 4 ejes,CategorIa V 5 Ejes,CategorIa VI 6 Ejes,,,,5.497131704,-74.6137295909999,Cundinamarca,25
58,40CN01,PUESTO DE CONTROL BOQUERON II,ConcesiOn ANI,11900,35300,17800,47100,52900,58800,70500,0,0,El Portal - El Antojo,CONCESION COVIANDES S.A.,0,0,AutomOviles y camperos,CategorIa II Camiones y Buses 2 eje pequenos,CategorIa III Camiones y Buses 2 ejes grandes,CategorIa IV 3 y 4 Ejes,CategorIa V 5 Ejes,CategorIa VI 6 Ejes,CategorIa VII,,,4.454170743,-74.05008445,Cundinamarca,25
"59,5007,HONDA,ConcesiOn ANI,10700,11400,11900,12400,26500,36200,39200,0,0,Fresno - Honda,Concesionaria Alternativas Viales SAS.,0,0,AutomOviles y camperos,""Buses y busetas, camiones pequenos hasta 4.5 toneladas"",Camiones y buses 2 ejes grandes,Camiones de 3 y 4 ejes,Camiones de 5 ejes,,,,,5.201507469,-74.8203445129999,Tolima,73"
60,X7,LA TEBAIDA,Departamento,11200,13500,13500,15600,34500,42400,44800,0,0,Funza - Cota,CONCESION DEVISAB,0,0,AutomOviles y camperos,CategorIa II Buses y Busetas,CategorIa III Camiones y Buses 2 ejes pequenos,CategorIa IV Camiones y Buses 2 ejes grandes,CategorIa V Camiones de 3 y 4 ejes,CategorIa VI Volquetas y Camiones de 5 ejes,CategorIa VII 6 ejes Volquetas y Camiones,,,4.744624343,-74.1714772429999,Cundinamarca,25
61,X8,SAN MIGUEL,Departamento,0,0,0,0,0,0,0,0,0,FusagasugA - SibatE,,0,0,,,,,,,,,,4.444164659,-74.301889391,Cundinamarca,25
62,7006,GAMARRA,INVIAS,7900,8900,18800,23800,27300,0,0,0,0,Gamarra - Aguachica,,8400,8100,,,,,,,,,,8.329119646,-73.6920491409999,Cesar,20
63,4505,LOS CAUCHOS,ConcesiOn ANI,8300,9000,19200,24400,27400,0,0,0,0,GarzOn - Neiva,ConcesiOn Aliadas para El Progreso,8700,8400,AutomOviles y camperos,CategorIa II Camiones y Buses 2 ejes pequenos,Camiones y Buses 2 ejes grandes,3 y 4 ejes,5 Ejes,,,,,2.785583797,-75.301936087,Huila,41
64,4005,CHINAUTA,ConcesiOn ANI,10300,11600,24800,40300,46300,0,0,0,0,Girardot - Silvania - BogotA (Bosa),ConcesiOn VIa 40 Express,9700,9400,AutomOviles y camperos,CategorIa II Camiones y Buses 2 ejes pequenos,CategorIa III Camiones y Buses 2 ejes grandes,CategorIa IV,CategorIa V 5 Ejes,,,,,4.269378399,-74.5001070879999,Cundinamarca,25
65,4005,CHUSACA,ConcesiOn ANI,10300,11600,24800,40300,46300,0,0,0,0,Girardot - Silvania - BogotA (Bosa),ConcesiOn  VIa 40 Express,9700,9400,AutomOviles y camperos,Camiones y Buses  dos  ejes pequenos.,Camiones y Buses  dos  ejes Grandes.,CategorIa IV,CategorIa V Cinco ejes.,,,,,4.537533598,-74.271821376,Cundinamarca,25
66,X8,PUBENZA,Departamento,8500,9600,10900,14400,21000,28000,32200,0,0,Girardot - Tocaima,CONCESION DEVISAB,0,0,AutomOviles y camperos,CategorIa II Camiones y Buses 2 ejes pequenos,CategorIa III Camiones y Buses 2 ejes grandes,CategorIa IV 3 y 4 ejes,CategorIa V 5 Ejes,CategorIa VI 6 Ejes,CategorIa VII,,,4.40331639,-74.731464341,Cundinamarca,25
67,X9,CABILDO,Departamento,9200,10200,11100,15900,26100,34900,39000,0,0,Girardota - Hatillo,,0,0,AutomOviles y camperos,Camiones y Buses 2 Ejes pequenos,Camiones y Buses 2 Ejes grandes,3 y 4 ejes,5 ejes,6 ejes,VII,,,6.395796515,-75.423661435,Antioquia, 5
68,5601,LAS PALMAS,ConcesiOn ANI,8700,10500,10500,10500,23300,31400,35100,0,0,Glorieta Las Palmas - La UniOn,ConcesiOn TUnel AburrA - Oriente S.A.,0,0,AutomOviles y camperos,Buses,Camiones pequenos de 2 ejes,Camiones grandes de 2 ejes,Camiones de 3 y 4 ejes,CategorIa VI,CategorIa VII,,,6.150673018,-75.531257389,Antioquia, 5
69,X10,GUAYABAL,Departamento,12400,16800,14100,19600,35300,45700,55000,0,0,Guayabal de SIquima - Cambao,CONCESION PANAMERICANA,0,0,AutomOviles y camperos,CategorIa II Camiones y Buses 2 ejes pequenos,CategorIa III Camiones y Buses 2 ejes grandes,CategorIa IV 3 y 4 ejes,CategorIa V 5 Ejes,CategorIa VI 6 Ejes,CategorIa VII,,,4.883413076,-74.4831853999999,Cundinamarca,25
70,5008,BICENTENARIO,INVIAS,9000,11600,27200,32900,38300,0,0,0,0,Honda - Villeta,INVIAS,8400,8100,AutomOviles y camperos,CategorIa II Camiones y Buses 2 ejes pequenos,CategorIa III Camiones y Buses 2 ejes grandes,CategorIa IV 3 y 4 ejes,CategorIa V 5 y 6 ejes,,,,,5.203102936,-74.6846173499999,Cundinamarca,25
"71,4305,ALVARADO,ConcesiOn ANI,10700,11400,11900,12400,26500,36200,39200,0,0,IbaguE - Mariquita,Concesionaria Alternativas Viales  S.A.S,0,0,AutomOviles y camperos,""Buses y busetas, camiones pequenos hasta 4.5 toneladas"",Camiones y buses 2 ejes grandes,Camiones de 3 y 4 ejes,Camiones de 5 ejes,Camiones de 6 ejes,,,,4.507598856,-74.991632439,Tolima,73"
72,4404,GUALANDAY,ConcesiOn ANI,9800,11600,27600,37100,40900,0,0,0,0,Ibague (Puente Blanco) - Cruce Ruta 45 (Espinal),Concesionaria San Rafael S.A.,9500,9000,AutomOviles y camperos,CategorIa II Camiones y Buses 2 ejes pequenos,CategorIa III Camiones y Buses 2 ejes grandes,CategorIa IV 3 y 4 ejes,CategorIa V 5 Ejes,,,,,4.300428797,-75.050032912,Tolima,73
73,29RSC,TARAPACA II,ConcesiOn ANI,11500,15200,15200,15200,38100,50400,56300,0,0,IntersecciOn JazmIn - EstaciOn de  Servicio ChinchinA,ConcesiOn Autopistas del CafE,0,0,AutomOviles y camperos,CategorIa II 2 ejes dobles pequenos,CategorIa III 2 ejes Busetas y Buses,CategorIa IV 2 ejes grandes Dobles Camiones,CategorIa V 3 y 4 ejes,CategorIa VI 5 Ejes,CategorIa VI 6 Ejes,,,4.950098818,-75.6186822159999,Risaralda,66
74,45A08,RIONEGRO,Departamento,7200,8200,19600,26000,29800,0,0,0,0,La cemento - Rionegro,DEPARTAMENTO,0,0,AutomOviles y camperos,Camiones y Buses 2 ejes pequenos,Camiones y Buses 2 ejes grandes,3 y 4 ejes,5 ejes,,,,,7.243267526,-73.149403777,Santander,68
75,2508,SUPIA,ConcesiOn ANI,8300,9000,19200,24400,27400,0,0,0,0,La Felisa - La Pintada,ConcesiOn PacIfico Tres,8700,8400,AutomOviles y camperos,CategorIa II Camiones y Buses 2 ejes pequenos,CategorIa III Camiones y Buses 2 ejes grandes,CategorIa IV 3 y 4 ejes,CategorIa V 5 Ejes,,,,,5.391597876,-75.599995129,Caldas,17
"76,6003,AMAGA,ConcesiOn ANI,8300,9000,19200,24400,27400,0,0,0,0,La Mansa - Primavera,ConcesiOn Vial del PacIfico,8700,8400,""AutomOviles, camperos, pick up, camioneta"",Camiones y Buses 2 Ejes,Camiones y Buses 2 ejes grandes,3 y 4 ejes,CategorIa V,,,,,6.046953761,-75.659877096,Antioquia, 5"
77,4515,PAILITAS,INVIAS,9400,10300,21400,27400,31200,0,0,0,0,La Mata - San Roque,INVIAS,9500,9300,AutomOviles y camperos,Camiones y buses  ejes,3 Ejes,4 Ejes,5 Ejes,,,,,8.85280385399999,-73.669722163,Cesar,20
78,4702,SAN PEDRO,Departamento,10500,11700,13500,18200,39200,51000,58900,0,0,La Mesa - Anapoima,CONCESION DEVISAB,0,0,AutomOviles y camperos,CategorIa II Camiones y Buses 2 ejes pequenos,CategorIa III Camiones y Buses 2 ejes grandes,CategorIa IV 3 y 4 ejes,CategorIa V 5 Ejes,CategorIa VI 6 Ejes,CategorIa VII,,,4.593993102,-74.4864741699999,Cundinamarca,25
79,X11,MONDOnEDO,Departamento,11200,13500,13500,15600,44800,61600,70300,0,0,La Mesa - Mosquera,CONCESION DEVISAB,0,0,AutomOviles y camperos,CategorIa II Buses y Busetas,CategorIa III Camiones y Buses 2 ejes pequenos,CategorIa IV Camiones y Buses 2 ejes grandes,CategorIa V 3 y 4 ejes Volquetas y Camiones,CategorIa VI 5 ejes Volquetas y Camiones,CategorIa VII 6 ejes Volquetas y Camiones,,,4.638348462,-74.294084448,Cundinamarca,25
80,4002,COROZAL,ConcesiOn ANI,10400,12600,12600,12600,30700,38400,44600,0,0,La Paila - Club Campestre,AUTOPISTAS DEL CAFE,0,0,AutomOviles y camperos,Camiones y Buses 2 ejes pequenos,Camiones y Buses 2 ejes grandes,3 y 4 ejes,5 Ejes,6 Ejes,CategorIa VII,,,4.407960397,-75.899870737,Valle del Cauca,76
81,25B01,LA PINTADA,ConcesiOn ANI,8300,9000,19200,24400,27400,0,0,0,0,La Pintada - Penalisa,ConcesiOn Pacifico Tres S.A.S.,8700,8400,AutomOviles y camperos,Camiones y Buses 2 Ejes,3 ejes,4 ejes,5 ejes,,,,,5.749465359,-75.627285959,Antioquia, 5
82,2509,VERSALLES (PRIMAVERA),ConcesiOn ANI,8300,9000,19200,24400,27400,0,0,0,0,La Pintada - Primavera,CONCESION LA PINTADA S.A.S. (ODINSA),8700,8400,AutomOviles y camperos,CategorIa II Camiones y Buses 2 Ejes,CategorIa III - 3 ejes,CategorIa IV - 4 ejes,CategorIa V - 5 ejes,,,,,5.968901178,-75.594072358,Antioquia, 5
83,2902,TARAPACA I,ConcesiOn ANI,11500,15200,15200,15200,38100,50400,56300,0,0,La Romelia - RIo Campo Alegre,CONCESION AUTOPISTAS DEL CAFE,0,0,AutomOviles y camperos,CategorIa II Camiones y Buses 2 ejes pequenos,CategorIa III Camiones y Buses 2 ejes grandes,CategorIa IV 3 y 4 ejes,CategorIa V 5 Ejes,CategorIa VI 6 Ejes,CategorIa VII,,,4.939047486,-75.616601938,Caldas,17
84,2506,CERRITOS II,ConcesiOn ANI,12000,13800,34000,44600,51000,0,0,0,0,La Victoria - Cartago - Cerritos,Concesionaria de Occidente,15200,15000,AutomOviles y camperos,CategorIa II Camiones y Buses 2 ejes pequenos,CategorIa III Camiones y Buses 2 ejes grandes,CategorIa IV 3 y 4 ejes,CategorIa V 5 Ejes,,,,,4.793408209,-75.859962863,Risaralda,66
85,2507,ACAPULCO,ConcesiOn ANI,11400,14100,14100,14100,33800,42400,48900,0,0,La Virginia - Remolinos,CONCESION PACIFICO TRES S.A.S  (ODINSA),0,0,AutomOviles y camperos,CategorIa II Camiones y Buses 2 ejes pequenos,CategorIa III Camiones y Buses 2 ejes grandes,CategorIa IV  3 y 4 ejes,CategorIa V 5 Ejes,,,,,4.999048816,-75.858869306,Caldas,17
86,X12,VARIANTE LAS PALMAS,Departamento,0,0,0,0,0,0,0,0,0,Las Palmas - Aeropuerto,,0,0,,,,,,,,,,6.170653887,-75.4788907979999,Antioquia, 5
87,6602,LEBRIJA,Departamento,7200,8200,19600,26000,29800,0,0,0,0,Lebrija - Palenque,DEPARTAMENTO,0,0,AutomOviles y camperos,Camiones y Buses 2 ejes pequenos,Camiones y Buses 2 ejes Grandes,3 y 4 ejes,5 ejes,,,,,7.103127117,-73.1886115979999,Santander,68
88,5008A,EL CORZO,ConcesiOn ANI,8000,12000,10400,13900,23600,31900,34500,0,0,Los Alpes - Madrid - BogotA (Rio BogotA),CONCESION CCFC S.A,0,0,AutomOviles y camperos,CategorIa II Camiones y Buses 2 ejes pequenos,CategorIa III Camiones y Buses 2 ejes grandes,CategorIa IV 3 y 4 ejes,CategorIa V 5 Ejes,CategorIa VI 6 Ejes,CategorIa VII,,,4.748678791,-74.291165132,Cundinamarca,25
89,5008A,RIO BOGOTA,ConcesiOn ANI,8000,12000,10400,13900,23600,31900,34500,0,0,Los Alpes - Madrid - BogotA (Rio BogotA),CONCESION CCFC S.A,0,0,AutomOviles y camperos,Camiones y Buses 2 ejes pequenos,Camiones y Buses 2 ejes grandes,3 y 4 ejes,5 Ejes,6 Ejes,,,,4.698590601,-74.179429408,Cundinamarca,25
90,2511,LOS LLANOS,INVIAS,8500,9300,19500,24800,27900,0,0,0,0,Los Llanos - TarazA,INVIAS,8400,8100,,,,,,,,,,6.830502481,-75.4681403959999,Antioquia, 5
91,X13,LA ESTRELLA,Departamento,6100,7100,0,22500,25300,0,0,0,0,Manizales - Neira,,0,0,,,,,,,,,,5.12551851,-75.5052803319999,Caldas,17
92,2510,NIQUIA,Departamento,2500,2500,3200,3400,3400,3400,3400,0,0,Medellìn - Hoyo Rico,ConcesiOn Hatovial S.A.S,0,0,,,,,,,,,,6.34510075,-75.5265955069999,Antioquia, 5
93,2510,PANDEQUESO,Departamento,7800,8600,18200,23300,26400,0,8100,0,0,Medellìn - Hoyo Rico,CONCESION  HATOVIAL S.A.,0,7800,AutomOviles y camperos,Camiones y Buses 2 Ejes pequenos,Camiones y Buses 2 Ejes grandes,3 y 4 ejes,5 ejes,,VII,,,6.477997756,-75.378610154,Antioquia, 5
94,2510,TRAPICHE,Departamento,9200,10200,11100,15700,26500,34900,39000,0,0,Medellìn - Hoyo Rico,ConcesiOn Hatovial S.A.S,0,0,AutomOviles y camperos,Camiones y Buses 2 Ejes pequenos,Camiones y Buses 2 Ejes grandes,3 y 4 ejes,5 ejes,6 ejes,VII,,,6.399637273,-75.4330162769999,Antioquia, 5
95,X14,PAJARITO,Departamento,6000,6800,0,18800,21600,0,0,0,0,MedellIn - San Pedro,,0,0,,,,,,,,,,6.33180205,-75.5993686359999,Antioquia, 5
"96,6004,GUARNE,ConcesiOn ANI,12000,20900,16700,20900,41600,59300,59300,0,0,MedellIn - Santuario,ConcesiOn Devimed,0,0,""AutomOviles, camperos y camionetas"",Buses,Camiones pequenos de 2 ejes,Camiones grandes de 2 ejes,Camiones de 3 y 4 ejes,Camiones de 5 ejes,Camiones de 6 ejes,,,6.327897805,-75.5156750449999,Antioquia, 5"
97,2302,EL TORO,INVIAS,8300,9000,19200,24400,27400,0,0,0,0,Mediacanoa - Ansermanuevo,INVIAS,8400,8100,AutomOviles y camperos,Camiones y Buses 2 ejes pequenos,Camiones y Buses 2 ejes grandes,3 y 4 ejes,5 Ejes,,,,,4.665424977,-76.0495324479999,Valle del Cauca,76
98,2302,RIO FRIO,INVIAS,8300,9000,19200,24400,27400,0,0,0,0,Mediacanoa - Ansermanuevo,INVIAS,8400,8100,AutomOviles y camperos,Camiones y Buses 2 ejes pequenos,Camiones y Buses 2 ejes grandes,3 y 4 ejes,5 Ejes,,,,,4.149107168,-76.2796561899999,Valle del Cauca,76
99,2503,EL BORDO,INVIAS,8500,9300,19500,24800,27900,0,0,0,0,Mojarras - PopayAn,INVIAS,8400,8100,AutomOviles y camperos,CategorIa II Camiones y buses 2 ejes pequenos,CategorIa III Camiones y buses 2 ejes grandes,CategorIa IV 3 y 4 ejes,CategorIa V 5 ejes,,,,,2.18894946,-76.851164685,Cauca,19
100,2103,LOS GARZONES 1,ConcesiOn ANI,4500,12000,18600,23600,27100,0,0,0,0,MonterIa - CeretE,ConcesiOn Autopistas de la Sabana COrdoba - Sucre,0,0,AutomOviles y camperos,Camiones y Buses 2 ejes Pequenos,Camiones y Buses 2 ejes Grandes,Camiones y Buses 2 ejes Grandes,Camiones y Buses 2 ejes Grandes,,,,,8.842209915,-75.8268463379999,COrdoba,23
101,2103,LOS GARZONES 2,ConcesiOn ANI,4500,12000,18600,23600,27100,0,0,0,0,MonterIa - CeretE,ConcesiOn Autopistas de la Sabana COrdoba - Sucre,0,0,AutomOviles y camperos,Camiones y Buses 2 ejes Pequenos,Camiones y Buses 2 ejes Grandes,Camiones y Buses 2 ejes Grandes,Camiones y Buses 2 ejes Grandes,,,,,8.827783,-75.836760999,COrdoba,23
"102,3306,SAN CARLOS,ConcesiOn ANI,12300,18200,18200,19500,19500,28300,28700,0,0,Monteria - San Carlos,ConseciOn Ruta al Mar,0,0,""AutomOviles, camperos y camionetas"",Buses,Camiones Grandes de 2 Ejes,Camiones de 3 Ejes,Camiones de  Ejes,Camiones de 5 ejes,Camiones de Ejes,,,8.772659788,-75.7423831539999,COrdoba,23"
103,4506,EL PATA,ConcesiOn ANI,11700,14100,15800,20200,34400,44200,50100,0,0,Neiva - Natagaima,ConcesiOn AutovIa Neiva – Girardot,0,0,AutomOviles y camperos,Camiones y Buses 2 ejes pequenos,Camiones y Buses 2 ejes grandes,3 y 4 ejes,5 Ejes,6 Ejes,CategorIa VII,,,3.393809788,-75.2037334789999,Huila,41
104,4506,NEIVA,ConcesiOn ANI,11700,13900,15600,19900,33300,42700,48600,0,0,Neiva - Natagaima,ConcesiOn AutovIa Neiva – Girardot,0,0,AutomOviles y camperos,Camiones y Buses 2 ejes pequenos,Camiones y Buses 2 ejes grandes,3 y 4 ejes,5 Ejes,6 Ejes,CAT VII,,,2.97779795,-75.307226317,Huila,41
105,2516,SABANAGRANDE,ConcesiOn ANI,8500,9200,20200,26400,30500,0,0,0,0,Palmar de Varela - Barranquilla,Consorcio Ruta Caribe,8700,8400,AutomOviles y camperos,Camiones y Buses 2 ejes Pequenos,Camiones y Buses 2 ejes Grandes,3 y 4 Ejes,5 Ejes,,,,,10.7995816369999,-74.75900513,AtlAntico, 8
106,2505B,ROZO,INVIAS,8600,10300,27800,36300,41800,0,0,0,0,Palmaseca - El Cerrito,INVIAS,10000,19800,AutomOviles y camperos,Camiones y Buses 2 ejes pequenos,Camiones y Buses 2 ejes grandes,3 y 4 ejes,5 Ejes,,,,,3.643852209,-76.3811564429999,Valle del Cauca,76
107,5505,LOS ACACIOS,ConcesiOn ANI,6100,8700,19500,25100,28500,0,0,0,0,Pamplona - CUcuta,CONCESION UNION  VIAL RIO PAMPLONITA,8800,8500,AutomOviles y camperos,Camiones y buses 2 ejes pequenos,Camiones y buses 2 ejes grandes,3 y 4 ejes,5 Ejes,,,,,7.72138208,-72.571317006,Norte de Santander,54
108,23VL02,PASO DE LA TORRE,INVIAS,8600,10300,27800,36300,41800,0,0,0,0,Paso de La Torre - Siberia (Variante Yumbo),INVIAS,10000,19800,AutomOviles y camperos,CategorIa II Camiones y Buses 2 ejes pequenos,CategorIa III Camiones y Buses 2 ejes grandes,CategorIa IV 3 y 4 ejes,CategorIa V 5 Ejes,,,,,3.627598229,-76.457670289,Valle del Cauca,76
109,4518,TUCURINCA,ConcesiOn ANI,8500,9400,21900,28800,33400,0,0,0,0,Paso Nacional por Aracataca - Ye de CiEnaga,ConcesiOn (Yuma),10300,9800,AutomOviles y camperos,Camiones y Buses 2 ejes pequenos,Camiones y Buses 2 ejes grandes,3 y 4 Ejes,5 Ejes,,,,,10.608947214,-74.1684537969999,Magdalena,47
110,6513,LA NEVERA,INVIAS,7500,8100,17200,21800,24500,0,0,0,0,Paz de Ariporo - Yopal,INVIAS,0,0,AutomOviles y camperos,Camiones y Buses 2 ejes pequenos,Camiones y Buses 2 ejes grandes,3 y 4 ejes,CategorIa V 5 Ejes,,,,,5.524910589,-72.2061382659999,Casanare,85
111,X15,LOS SANTOS,Departamento,0,0,0,0,0,0,0,0,0,Piedecuesta - Los Santos,ConcesiOn CONSTRUVICOL S.A,0,0,,,,,,,,,,6.917377914,-73.034207319,Santander,68
112,4504,ALTAMIRA,ConcesiOn ANI,8500,9300,19500,24800,27900,0,0,0,0,Pitalito - GarzOn,ConcesiOn Aliadas para El Progreso,8700,8400,AutomOviles y camperos,Camiones y Buses 2 ejes pequenos,Camiones y Buses 2 ejes grandes,3 y 4 ejes,5 Ejes,,,,,2.142914046,-75.700592743,Huila,41
113,2514,CARIMAGUA,INVIAS,12000,17400,17400,17400,31600,50200,57900,0,0,Planeta Rica - La Ye,INVIAS,0,0,AutomOviles y camperos,Camiones y Buses 2 ejes Pequenos,Camiones y Buses 2 ejes Grandes,3 y 4 Ejes,5 Ejes,6 Ejes,7 Ejes,,,8.604856112,-75.484821096,COrdoba,23
114,8002,EL DIFICIL,ConcesiOn ANI,9200,11400,24100,34100,36600,0,0,0,0,Plato – Pueblo Nuevo,ConcesiOn (Yuma),9000,8700,AutomOviles y camperos,Camiones y Buses  2 ejes,3 y 4 Ejes,5 Ejes,6 Ejes,,,,,9.831146645,-74.2677507989999,Magdalena,47
115,8002,PUENTE PLATO,ConcesiOn ANI,9200,11400,24100,34100,36600,0,0,0,0,Plato – Pueblo Nuevo,ConcesiOn (Yuma),9000,8700,AutomOviles y camperos,Camiones y Buses 2 ejes,3 y 4 Ejes,5 Ejes,6 Ejes,,,,,9.791365729,-74.8089450709999,Magdalena,47
116,2504,TUNIA,INVIAS,8600,10300,27800,36300,41800,0,0,0,0,PopayAn - JamundI,INVIAS,10000,19800,AutomOviles y camperos,CategorIa II Camiones y buses 2 ejes pequenos,CategorIa III Camiones y buses 2 ejes grandes,CategorIa IV 3 y 4 ejes,CategorIa V 5 ejes,,,,,2.701690113,-76.536811321,Cauca,19
117,2504,VILLARICA,INVIAS,8600,10300,27800,36300,41800,0,0,0,0,PopayAn - JamundI,INVIAS,9600,19000,AutomOviles y camperos,CategorIa II Camiones y buses 2 ejes pequenos,CategorIa III Camiones y buses 2 ejes grandes,CategorIa IV 3 y 4 ejes,CategorIa V 5 ejes,,,,,3.151233082,-76.460031834,Cauca,19
118,8003,VALENCIA,ConcesiOn ANI,8100,9000,19500,25100,28500,0,0,0,0,Pueblo Nuevo – Bosconia – Valledupar,Yuma concecionaria,9000,8700,AutomOviles y camperos,Camiones y buses 2 ejes pequenos,Camiones y buses 2 ejes grandes,3 y 4 Ejes,5 Ejes,,,,,10.259705901,-73.430869544,Cesar,20
119,X16,PALMITAS,ConcesiOn ANI,16200,18300,39900,51900,62100,0,0,0,0,Puente AurrA - MedellIn,DESARROLLO VIAL AL MAR SAS,6300,0,,,,,,,,,,6.326315113,-75.688606561,Antioquia, 5
120,X16,SAN CRISTOBAL,ConcesiOn ANI,16200,18300,39900,51900,62100,0,0,0,0,Puente AurrA - MedellIn,DESARROLLO VIAL AL MAR SAS,6300,0,AutomOviles y camperos,Camiones y Buses 2 Ejes pequenos,Camiones y Buses 2 Ejes grandes,3 y 4 ejes,5 ejes,,,,,6.29706501,-75.6540489599999,Antioquia, 5
121,X16,EBEJICO,Departamento,7700,9200,19300,23700,26700,0,0,0,0,Puente AurrA - MedellIn (VIa Antigua al Mar),,0,0,,,,,,,,,,6.338603341,-75.671344536,Antioquia, 5
122,2501,EL PLACER,ConcesiOn ANI,9900,10400,22100,28800,33200,0,0,0,0,Puente Internacional Rumichaca - San Juan de Pasto,Concesionaria VIal UnIon del Sur,0,0,AutomOviles y camperos,Camiones y buses 2 ejes pequenos,Camiones y buses 2 ejes grandes,3 y 4 ejes,5 ejes,,,,,1.087284102,-77.4086552039999,Narino,52
123,45A06,OIBA,INVIAS,8200,8900,22900,28500,33300,0,0,0,0,Puente Nacional - San Gil,Invias,9500,9300,AutomOviles y camperos,Camiones y Buses 2 ejes Pequenos.,Camiones y Buses 2 ejes Grandes.,3 y 4 ejes.,5 ejes.,,,,,6.178236419,-73.333289569,Santander,68
124,2515,EL CARMEN,ConcesiOn ANI,8800,9600,20100,25600,28800,0,0,0,0,Puerta de Hierro - Carreto,Autopista de la sabana,8700,8400,AutomOviles y camperos,Camiones y Buses 2 ejes Pequenos,Camiones y Buses 2 ejes Grandes,3 y 4 Ejes,5 Ejes,,,,,9.681300323,-75.125421059,BolIvar,13
125,4008,CASETABLA,ConcesiOn ANI,4400,4800,4800,4800,19700,25000,28100,0,0,Puerto LOpez - Puerto GaitAn,ConcesiOn Coviandes,0,0,AutomOviles y camperos,Camiones y Buses 2 ejes pequenos,Camiones y Buses 2 ejes grandes,3 y 4 ejes,5 Ejes,CAT VI,CAT VII,,,4.112654617,-72.83478884,Meta,50
126,4008,El YUCAO,ConcesiOn ANI,4400,4800,4800,4800,19700,25000,28100,0,0,Puerto LOpez - Puerto GaitAn,Invias,0,0,AutomOviles y camperos,Camiones y Buses 2 ejes pequenos,Camiones y Buses 2 ejes grandes,3 y 4 ejes,5 Ejes,CAT VI,CAT VII,,,4.351317469,-72.169253303,Meta,50
127,7401,LOS CEDROS,ConcesiOn ANI,12600,18600,18600,18600,33600,53600,61800,0,0,Puerto Rey - Monteria,VIas las Americas S.A.S,0,0,AutomOviles y camperos,Camiones y Buses 2 ejes Pequenos,Camiones y Buses 2 ejes Grandes,3 y 4 Ejes,5 Ejes,CategorIa VI,CategorIa VII,,,8.819768367,-75.9988980119999,COrdoba,23
128,4511,AGUAS NEGRAS,INVIAS,10500,13300,31200,37400,43900,0,0,0,0,RIo Ermitano - La Lizama,Concesionaria Ruta Del Sol,9500,9300,AutomOviles y camperos,Camiones y Buses 2 ejes.,3 ejes.,4 ejes.,5 ejes.,,,,,6.645326476,-73.952462155,Santander,68
129,4511,ZAMBITO,INVIAS,10500,13300,31200,37400,43900,0,0,0,0,RIo Ermitano - La Lizama,Concesionaria Ruta Del Sol,9500,9300,AutomOviles y camperos,Camiones y Buses 2 ejes.,3 ejes.,4 ejes.,5 ejes,,,,,6.294713993,-74.456991837,Santander,68
130,45A08,RIO BLANCO,INVIAS,8500,9300,19500,24800,27900,0,0,0,0,RIo Negro - San Alberto,INVIAS,8400,8100,AutomOviles y camperos,Camiones y Buses 2 ejes Pequenos.,Camiones y Buses 2 Ejes Grandes.,3 y 4 ejes.,5 ejes.,,,,,7.554331287,-73.23110812,Santander,68
131,9009,EL EBANAL,ConcesiOn ANI,9600,14800,11900,18900,27700,44700,56400,0,0,RIo Palomino - Riohacha,ConcesiOn  Santa Marta - ParaguachOn S.A .,0,0,AutomOviles y camperos,Buses y Busetas 2 ejes Pequenos,Camiones 350,Camiones 600,3 a 4 Ejes,5 Ejes,6 a mas ejes,,,11.276216625,-73.1221077809999,La Guajira,44
"132,4902,SAN JUAN,INVIAS,9300,9900,10800,11500,12400,35600,40800,0,0,RIo Pereira - Buenavista,INVIAS,0,0,""AutomOviles, camperos y camionetas"",Buses,Camiones pequenos de 2 ejes,Camiones grandes de 2 ejes,Camiones de 3 ejes,Camiones de 4 ejes,Camiones de 5 ejes,,,10.8000159329999,-72.9755403249999,La Guajira,44"
133,9010,ALTO PINO,ConcesiOn ANI,9600,14800,11900,18900,27700,44700,56400,0,0,Riohacha - ParaguachOn,ConcesiOn  Santa Marta ParaguachOn S.A,0,0,AutomOviles y camperos,Buses y Busetas 2 ejes pequenos,Camiones 350,Camiones 600,3 a 4 Ejes,5 Ejes,6 a mas ejes,,,11.444873653,-72.5423520589999,La Guajira,44
134,9010,PARAGUACHON,ConcesiOn ANI,9600,14800,11900,18900,27700,44700,56400,0,0,Riohacha - ParaguachOn,ConcesiOn  Santa Marta ParaguachOn S.A.,0,0,AutomOviles y camperos,CategorIa II Buses y Busetas 2 ejes Pequenos,Camiones 350,Camiones 600,3 a 4 ejes,5 ejes,6 a mas ejes,,,11.3676031319999,-72.156672665,La Guajira,44
135,9006,BAYUNCA,ConcesiOn ANI,8000,8900,19800,26400,30200,0,0,0,0,Sabanalarga - Barranquilla,Autopistas del sol,8700,8400,AutomOviles y camperos,Camiones y Buses 2 ejes Pequenos,Camiones y Buses 2 ejes Grandes,3 y 4 Ejes,5 Ejes,,,,,10.546969409,-75.36516595,BolIvar,13
136,9006,GALAPA,ConcesiOn ANI,8500,9200,19700,25300,28500,0,0,0,0,Sabanalarga - Barranquilla,Autopista del Sol,9000,8700,AutomOviles y camperos,Camiones y buses de 2 ejes Pequenos,Camiones y buses de 2 ejes Grandes,3 y 4 Ejes,5 ejes,,,,,10.837544866,-74.902127703,AtlAntico, 8
137,6008,SACHICA,INVIAS,8300,9000,19200,24400,27400,0,0,0,0,SAchica - Tunja,INVIAS,8400,8100,AutomOviles y camperos,Camiones y Buses 2 ejes pequenos,Camiones y Buses 2 ejes grandes,3 y 4 ejes,5 Ejes,,,,,5.58495821,-73.530270372,BoyacA,15
138,4514,MORRISON,INVIAS,9400,10300,21400,27400,31200,0,0,0,0,San Alberto - La Mata,ConcesiOn ruta el sol,9500,9300,AutomOviles y camperos,Camiones y buses de 2 ejes,3 Ejes,4 Ejes,5 Ejes,,,,,8.09234872999999,-73.5600149219999,Cesar,20
139,45A07,LOS CUROS,INVIAS,8200,8900,22900,28500,33300,0,0,0,0,San Gil - Bucaramanga,Invias,9500,9300,AutomOviles y camperos,Camiones y Buses 2 ejes Pequenos.,Camiones y Buses 2 ejes Grandes.,3 y 4 ejes.,5 ejes.,,,,,6.825634367,-72.9994818689999,Santander,68
140,45A07,SAN GIL - CURITI,INVIAS,8200,8900,22900,28500,33300,0,0,0,0,San Gil - Bucaramanga,,9500,9300,AutomOviles y camperos,Camiones y Buses 2 ejes Pequenos.,Camiones y Buses 2 ejes Grandes.,3 y 4 ejes.,5 ejes.,,,,,6.617696089,-73.0803086669999,Santander,68
141,2502,CANO,INVIAS,10000,10700,0,0,0,0,0,0,0,San Juan de Pasto - Cano,INVIAS,9400,9100,AutomOviles y camperos,CategorIa II Camiones y buses 2 ejes pequenos,,,,,,,,1.425456082,-77.2844524359999,Narino,52
142,2502,DAZA,INVIAS,0,0,22200,29100,33600,0,0,0,0,San Juan de Pasto - Cano,INVIAS,9400,9100,,,CategorIa III Camiones y buses 2 ejes grandes,CategorIa IV 3 y 4 ejes,CategorIa V 5 ejes,,,,,1.282159377,-77.269496511,Narino,52
143,9005,SAN ONOFRE,ConcesiOn ANI,12600,18600,18600,18600,33600,53600,61800,0,0,San Onofre - MarIa La Baja,ConcesiOn Ruta al Mar,0,0,AutomOviles y camperos,Camiones y Buses 2 ejes Pequenos,Camiones y Buses 2 ejes Grandes,CategorIa  IV,CategorIa  V,CategorIa  VI,CategorIa  VII,,,9.863519254,-75.39905269,Sucre,70
144,4516,LA LOMA,ConcesiOn ANI,8100,9000,19500,25100,28500,0,0,0,0,San Roque - Bosconia,ConcesiOn Yuma,9000,8700,AutomOviles y camperos,Camiones y buses 2 ejes pequenos,Camiones y buses 2 ejes grandes,3 y 4 Ejes,5 Ejes,,,,,9.638016517,-73.639398377,Cesar,20
"145,4901,RINCON HONDO,INVIAS,9300,9900,10800,11500,12400,35600,40800,0,0,San Roque - La Paz,INVIAS,0,0,""AutomOviles, camperos y camionetas"",Buses,Camiones pequenos de 2 ejes,Camiones grandes de 2 ejes,Camiones de 3 ejes,Camiones de 4 ejes,Camiones de 5 ejes,,,9.431032001,-73.4735521479999,Cesar,20"
"146,4901,SAN DIEGO,INVIAS,4600,5000,5500,5900,12300,35600,40500,0,0,San Roque - La Paz,INVIAS,0,0,""AutomOviles, camperos y camionetas"",Buses,Camiones pequenos de 2 ejes,Camiones grandes de 2 ejes,Camiones de 3 ejes,Camiones de 4 ejes,Camiones de 5 ejes,,,10.121725825,-73.238637775,Cesar,20"
147,9008,NENGUANJE,ConcesiOn ANI,9600,14800,11900,18900,27700,44700,56400,0,0,Santa Marta - RIo Palomino,ConcesiOn Santa Marta - ParaguachOn S.A.,0,0,AutomOviles y camperos,Buses y Busetas 2 ejes,Camiones 350 2 ejes Dobles,Camiones 600 2 ejes Dobles,3 a 4 Ejes,5 Ejes,6 a mas ejes,,,11.2531293629999,-74.109282464,Magdalena,47
"148,6005,COCORNA,INVIAS,12100,19100,16700,20800,41600,59300,59300,0,0,Santuario - Cruce Ruta 45 (Cano Alegre),,0,0,""AutomOviles, camperos y camionetas"",CategorIa II Buses,CategorIa III - Camiones pequenos de 2 ejes,CategorIa III - Camiones grandes de 2 ejes,CategorIa V - Camiones de 3 y 4 ejes,CategorIa VI - Camiones de 5 ejes,CategorIa VII - Camiones de 6 ejes,,,6.124607098,-75.243039628,Antioquia, 5"
149,6005,PUERTO TRIUNFO,INVIAS,12100,19100,16700,20800,41600,59300,59300,0,0,Santuario - Cruce Ruta 45 (Cano Alegre),,0,0,AutomOviles y camperos,CategorIa II,CategorIa III,CategorIa IV,CategorIa V,CategorIa VI,CategorIa VII,,,5.872598914,-74.611395406,BoyacA,15
150,X17,JALISCO,Departamento,12400,16800,14100,19600,35300,45700,55000,0,0,Sasaima - AlbAn,CONCESION PANAMERICANA,0,0,AutomOviles y camperos,CategorIa II Camiones y Buses 2 ejes pequenos,CategorIa III Camiones y Buses 2 ejes grandes,CategorIa IV 3 y 4 ejes,CategorIa V 5 Ejes,CategorIa VI6 Ejes,CategorIa VII,,,4.901355703,-74.426167866,Cundinamarca,25
151,2515,LAS FLORES,ConcesiOn ANI,4500,12000,18600,23600,27100,0,0,0,0,Sincelejo - Puerta de Hierro,ConcesiOn Autopistas de la Sabana COrdoba - Sucre,0,0,AutomOviles y camperos,Camiones y Buses 2 ejes Pequenos,Camiones y Buses 2 ejes Grandes,Camiones y Buses 2 ejes Grandes,Camiones y Buses 2 ejes Grandes,,,,,9.318846937,-75.319953823,Sucre,70
152,25SC01,LA ESPERANZA,ConcesiOn ANI,8200,8900,19200,24300,27400,0,0,0,0,Sincelejo - Toluviejo,ConcesiOn Autopistas de la Sabana COrdoba - Sucre,8700,8400,AutomOviles y camperos,Camiones y Buses 2 ejes Pequenos,Camiones y Buses 2 ejes Grandes,Camiones y Buses 2 ejes Grandes,Camiones y Buses 2 ejes Grandes,,,,,9.430745196,-75.435949553,Sucre,70
153,6211,EL CRUCERO,INVIAS,8300,9000,19200,24400,27400,0,0,0,0,Sogamoso - El Crucero,INVIAS,8400,8100,AutomOviles y camperos,Camiones y Buses 2 ejes pequenos,Camiones y Buses 2 ejes grandes,3 y 4 ejes,5 Ejes,,,,,5.65701412,-72.926973046,BoyacA,15
154,2512,TARAZA,INVIAS,8500,9300,19500,24800,27900,0,0,0,0,TarazA - Caucasia,INVIAS,8400,8100,,,,,,,,,,7.5892704,-75.393525193,Antioquia, 5
"155,4509,CAMBAO,ConcesiOn ANI,9900,14000,19200,25700,36400,59000,67400,0,0,Tramo que cubre desde Flandes hasta Puerto Salgar,ConcesiOn Alto Magdalena,0,0,""AutomOviles, camperos y camionetas"",""Buses, busetas, microbuses"",Camiones pequenos de 2 Ejes,Camiones grandes de 2 Ejes,Camiones de 3 y 4 Ejes,Camiones de 5 Ejes,Camiones de 6 o mas Ejes,,,5.09244884,-74.703815539,Cundinamarca,25"
"156,4508,GUATAQUI,ConcesiOn ANI,9700,14000,19200,25700,36400,59000,67400,0,0,Tramo que cubre la via GuataquI - Cambao - Honda,ConcesiOn Alto Magdalena,0,0,""AutomOviles, camperos y camionetas"",""Buses, busetas, microbuses"",Camiones pequenos 2 Ejes,Camiones Grandes de 2 ejes,Camiones de 3 y 4 Ejes,Camiones de 5 Ejes,Camiones 6 Ejes o MAs,,,4.528736858,-74.789048928,Cundinamarca,25"
157,X18,QUIEBRA DE VELEZ,Departamento,3100,9600,0,33000,37600,0,0,0,0,Tres Puertas - Quiebra de VElez - Manizales,,0,0,,,,,,,,,,5.094251146,-75.5553744679999,Caldas,17
158,5005,SAN BERNARDO (TRINIDAD ll),ConcesiOn ANI,10400,12600,12600,12600,30700,38400,44600,0,0,Tres Puertas -La Manuela - EstaciOn Uribe,CONCESION AUTOPISTAS DEL CAFE,0,0,AutomOviles y camperos,CategorIa II Camiones y Buses 2 ejes pequenos,CategorIa III Camiones y Buses 2 ejes grandes,CategorIa IV 3 y 4 Ejes,CategorIa V 5 Ejes,CategorIa 6 Ejes,CategorI VII,,,5.052205665,-75.594581144,Caldas,17
159,5502,TUTA,ConcesiOn ANI,8000,8900,23000,28500,33500,0,0,0,0,Tunja - Duitama,ConcesiOn Briceno - Tunja - Sogamoso,8200,6800,AutomOviles y camperos,Camiones y buses 2 ejes pequenos,Camiones y buses 2 ejes grandes,3 y 4 ejes,5 ejes,,,,,5.6568966,-73.278439078,BoyacA,15
160,45A05,SABOYA,INVIAS,8200,8900,22900,28500,33300,0,0,0,0,UbatE - Puente Nacional,INVIAS,9500,9300,AutomOviles y camperos,Camiones y Buses 2 ejes pequenos,Camiones y Buses 2 ejes grandes,3 y 4,5 ejes,,,,,5.727864796,-73.7446658789999,BoyacA,15
161,4004B,CHICORAL,ConcesiOn ANI,10800,11800,10800,14100,28400,38000,41800,0,0,Variante Chicoral,Concesionaria San Rafael  S.A.,9700,9500,AutomOviles y camperos,CategorIa II Camiones y Buses 2 ejes pequenos,CategorIa III Camiones y Buses 2 ejes grandes,CategorIa IV 3 y 4 ejes,CategorIa V 5 Ejes,CategorIa VI 6 Ejes,CategorIa VII,,,4.245525822,-74.8804843679999,Tolima,73
162,90BLB,PASACABALLOS,ConcesiOn ANI,8100,8800,18700,24400,28300,28300,28300,0,0,Variante de Gambote,AUTOPISTAS DEL SOL S.A.,0,0,,,,,,,,,,10.243425366,-75.4439447569999,BolIvar,13
163,X19,LA HEROICA,Distrito,2900,4600,8200,10700,16400,0,0,0,0,Variante Mamonal - Gambote,CONVIAL,0,0,Livianos y automOviles,CategorIa II Buses y Busetas,CategorIa III Camiones de 2 Ejes,CategorIa IV Camiones de,CategorIa V Camiones de mAs de 5 Ejes,,,,,10.342343514,-75.4906211419999,BolIvar,13
164,X20,RAMAL,Departamento,11200,13500,13500,15600,44800,61600,70300,0,0,Variante Soacha - La Mesa,CONCESION DEVISAB,0,0,AutomOviles y camperos,CategorIa II Camiones y Buses 2 ejes pequenos,CategorIa III Camiones y Buses 2 ejes grandes,CategorIa IV 3 y 4 ejes,CategorIa V 5 Ejes,CategorIa VI 6 Ejes,CategorIa VII,,,4.627331188,-74.2899754289999,Cundinamarca,25
165,90BLB,CORRALITO DE PIEDRA,Distrito,7900,8500,18100,23700,27400,27400,27400,0,0,VIa a BarU,CONVIAL,0,0,,,,,,,,,,10.309658711,-75.4850867849999,BolIvar,13
"166,X21,SANTA ELENA,Departamento,10000,12100,22100,24900,27500,0,0,0,0,VIa Antigua a Rionegro,ConcesiOn TUnel AburrA - Oriente  S.A,12900,0,""AutomOviles, camperos y camionetas"",Buses,Camiones pequenos de 2 Ejes,Camiones grandes de 2 Ejes,Camiones de 3 y 4 ejes,,,,,6.179659296,-75.461356996,Antioquia, 5"
167,4007,LA LIBERTAD,ConcesiOn ANI,12700,25300,18300,30500,45400,59800,68500,0,0,Villavicencio - Paso por el Puente sobre el RIo La Balsa -Puerto Lopez,ConcesiOn Autopistas de los Llanos,0,0,AutomOviles y camperos,Camiones y Buses 2 ejes pequenos,Camiones y Buses 2 ejes grandes,3 y 4 Ejes,5 Ejes,6 Ejes,CAT VII,,,4.056859962,-73.4639829399999,Meta,50
"168,5008,CAIQUEROS,ConcesiOn ANI,9300,12100,30000,36100,41500,0,0,0,0,Villeta - BogotA,CONCESION SABANA DE OCCIDENTE,9300,8900,""AutomOviles, camperos y camionetas"",VehIculos de 2 ejes,CategorIa III Camiones de 3 y 5 ejes,CategorIa IV Camiones de 5 ejes,CategorIa V Camiones de 6 ejes o mAs,,,,,5.065469603,-74.414294693,Cundinamarca,25"
"169,5008,SIBERIA,ConcesiOn ANI,10000,14300,12000,16000,28100,37700,41400,5200,7200,Villeta - BogotA,CONCESION SABANA DE OCCIDENTE,0,0,""AutomOviles, camperos y camionetas"",CategorIa II Buses y Busetas,CategorIa III Camiones pequenos 2 ejes,CategorIa IV Camiones grandes 2 ejes,CategorIa V Camiones de 3 y 4 ejes,CategorIa VI Camiones de 5 ejes,CategorIa VII Camiones de 6 o mAs ejes,""CategorIa VIII Autos, Camionetas y Camperos (S. Publico)"",CategorIa IX Buses/Busetas (S. publico),4.780359837,-74.185047772,Cundinamarca,25"
"170,6509,IRACA,ConcesiOn ANI,9700,19400,13300,23300,34600,46000,50000,0,0,Ye de Granada - Paso por el Puente sobre el RIo Ocoa,ConcesiOn Autopistas de los Llanos,0,0,""AutomOviles, camperos y camionetas"",Camiones y Buses con eje trasero doble llanta,Camiones de 3 y 4 ejes,Camiones de 5 ejes,Tracto Camiones,6 Ejes,,,,3.633042757,-73.7064001079999,Meta,50"
"171,6509,OCOA,ConcesiOn ANI,9700,19400,13300,23300,34600,46000,50000,0,0,Ye de Granada - Paso por el Puente sobre el RIo Ocoa,ConcesiOn Autopistas de Los Llanos,0,0,""AutomOviles, camperos y camionetas"",Camiones y Buses con eje trasero doble llanta,Camiones de 3 y 4 ejes,Camiones de 5 ejes,Tracto camiones,6 Ejes,CAT VIII,,,4.026246301,-73.7752049959999,Meta,50"
172,6513,ARANGUANEY,INVIAS,7500,8100,17200,21800,24500,0,0,0,0,Yopal   -  Paz de Ariporo,INVIAS,0,0,AutomOviles y camperos,Camiones y Buses 2 ejes pequenos,Camiones y Buses 2 ejes grandes,3 y 4 ejes,5 Ejes,,,,,5.410988727,-72.305021639,Casanare,85
173,2301,MEDIACANOA,INVIAS,8600,10300,27800,36300,41800,0,0,0,0,Yumbo - Mediacanoa,INVIAS,10000,19800,AutomOviles y camperos,Camiones y Buses 2 ejes pequenos,Camiones y Buses 2 ejes grandes,3 y 4 ejes,5 Ejes,,,,,3.759985933,-76.411386295,Valle del Cauca,76
